Bank,Account,Receiving Currency,Payment Currency
1,8000EBAC0,US Dollar,US Dollar
1,8000EC1E0,US Dollar,US Dollar
1,8000EDEC0,,US Dollar
1,8000F4510,,US Dollar
1,8000F47F0,US Dollar,US Dollar
1,8000F4FE0,,US Dollar
1,8000F5340,US Dollar,
1,8000F5AD0,US Dollar,US Dollar
1,80012FE50,US Dollar,US Dollar
1,800A5F020,,US Dollar
1,80100DB80,US Dollar,US Dollar
1,8012275D0,US Dollar,US Dollar
10,800058100,,US Dollar
10,80005D5C0,,US Dollar
10,8000EBD30,US Dollar,US Dollar
10,8000F5200,US Dollar,US Dollar
10,80012FD90,,US Dollar
10,80012FEA0,US Dollar,US Dollar
10,800131480,US Dollar,US Dollar
10,8005F0B50,,US Dollar
10,8006AF500,US Dollar,US Dollar
10,8016BBF40,US Dollar,US Dollar
12,8000EC280,,US Dollar
12,8000F5030,US Dollar,US Dollar
12,80012FE00,,US Dollar
12,800131B10,,US Dollar
12,80141ED50,US Dollar,US Dollar
12,80974B620,US Dollar,
220,8016BC820,US Dollar,US Dollar
701,8016BBEA0,US Dollar,US Dollar
908,8005FB700,,US Dollar
908,8018867C0,,US Dollar
1047,800416A40,US Dollar,US Dollar
1047,80A0DDC70,US Dollar,
1068,8012261B0,US Dollar,US Dollar
1068,801342560,US Dollar,US Dollar
1124,814233CC0,US Dollar,
1241,801008480,,US Dollar
1244,8016CAB70,,US Dollar
1292,8006A3890,US Dollar,US Dollar
1362,8019FB070,US Dollar,US Dollar
1411,800AC9E20,,US Dollar
1411,80100A2C0,US Dollar,US Dollar
1420,8005DFEB0,US Dollar,US Dollar
1420,8005F2D30,US Dollar,US Dollar
1420,8005FD390,US Dollar,US Dollar
1420,8006A3840,US Dollar,US Dollar
1420,801008520,US Dollar,US Dollar
1420,8010098B0,US Dollar,US Dollar
1457,80100D180,US Dollar,US Dollar
1467,801008340,US Dollar,US Dollar
1467,801227620,US Dollar,US Dollar
1601,800AC9DD0,,US Dollar
1665,8005E18F0,US Dollar,US Dollar
1665,8005E24C0,US Dollar,US Dollar
1665,80152E780,,US Dollar
1674,800AC8E30,US Dollar,US Dollar
1674,801009860,US Dollar,US Dollar
1686,8004169F0,US Dollar,US Dollar
1686,8018754D0,,US Dollar
1688,8005FD430,US Dollar,US Dollar
2439,8017BF800,US Dollar,
2439,801DC6C70,,US Dollar
2845,8016BC370,US Dollar,US Dollar
2991,8016BBF90,US Dollar,US Dollar
3051,80152BF60,US Dollar,US Dollar
3208,8000F4580,,US Dollar
3209,8000F4670,US Dollar,US Dollar
3242,801DC7400,US Dollar,US Dollar
3420,801D9FF00,US Dollar,US Dollar
6156,802F2FD40,US Dollar,
11157,800ACA9C0,US Dollar,US Dollar
11296,800AC8E80,US Dollar,US Dollar
11296,8016B82E0,US Dollar,US Dollar
11318,80100DB30,,US Dollar
11474,800AC9400,,US Dollar
11642,8131A9A80,US Dollar,
11813,8011305D0,US Dollar,
11904,8.02E+65,US Dollar,US Dollar
11904,8016BC320,US Dollar,US Dollar
11904,8017A8630,US Dollar,
11904,80A059840,US Dollar,
12735,8018A5A80,US Dollar,US Dollar
12893,80805AE20,US Dollar,
13037,8018A61B0,US Dollar,US Dollar
13037,805B34210,US Dollar,
13327,8016BA470,,US Dollar
13327,810B0FB40,US Dollar,
14804,80D120A40,US Dollar,
15625,81173FE50,US Dollar,
15723,8051B9F40,US Dollar,
15723,8065002B0,US Dollar,
15916,803177AF0,US Dollar,
16109,80805A830,US Dollar,
21174,801886770,,US Dollar
21258,801885EB0,US Dollar,US Dollar
21611,800AC9010,US Dollar,US Dollar
22345,8018A5860,US Dollar,US Dollar
22828,8018A5CF0,US Dollar,US Dollar
23833,8018859B0,US Dollar,US Dollar
23842,8016BA970,US Dollar,US Dollar
23885,8018A6110,US Dollar,US Dollar
23885,805DEB4F0,US Dollar,
24161,80DF7DCE0,US Dollar,
31125,8006AF550,US Dollar,US Dollar
36056,812ED6380,US Dollar,
111764,8082250C0,US Dollar,
121303,80A3C7390,US Dollar,
121303,80E2754A0,US Dollar,
143995,813600910,US Dollar,
211050,80AEF5310,US Dollar,
215064,8121CF4B0,US Dollar,
217680,80C132DC0,US Dollar,
222363,80D454CA0,US Dollar,
226657,812B06600,US Dollar,
245335,812ED62E0,US Dollar,
